{
	"schemaVersion": 1,
	"id": "tutorialmod",
	"version": "${version}",
	"name": "TutorialMod",
	"description": "This is an example description! Tell everyone what your mod is about!",
	"authors": [
		"Owen"
	],
	"contact": {
		"homepage": "https://fabricmc.net/",
		"sources": "https://github.com/FabricMC/fabric-example-mod"
	},
	"license": "MIT",
	"icon": "assets/tutorialmod/icon.png",
	"environment": "*",
	"entrypoints": {
		"main": [
			"net.owen.tutorialmod.TutorialMod"
		],
		"fabric-datagen": [
			"net.owen.tutorialmod.TutorialModDataGenerator"
		],
		"client": [
			"net.owen.tutorialmod.TutorialModClient"
		]
	},
	"mixins": [
		"tutorialmod.mixins.json"
	],
	"depends": {
		"fabricloader": ">=0.15.0",
		"minecraft": "~1.20.2",
		"java": ">=17",
		"fabric-api": "*"
	},
	"suggests": {
		"another-mod": "*"
	}
}